run_id,seed,condition,status,stop_reason,requested_steps,checked_ticks,attempted_tick,attempted_cell_ticks,committed_cell_ticks,samples_truncated,config_hash,canonical_digest,final_state_digest,tick_reports_digest,final_tick,final_time_seconds,living_cells,structural_mass_mol,internal_energy_j,bath_heat_j,observed_allele_richness,max_generation_observed,daughters_born,fissions,deaths,growth_extent,structural_mass_units,internal_energy_units,bath_heat_units,medium_energy_units,food_free_mol,oxygen_free_mol,detritus_free_mol,food_free_units,oxygen_free_units,detritus_free_units,death_mass_units,medium_matter_WATER_units,medium_matter_FOOD_units,medium_matter_O2_units,medium_matter_CO2_units,medium_matter_DET_units,medium_matter_BIO_units,allele_histogram,allele_first_seen_tick,error
seed-1-baseline,1,baseline,censored,requested_horizon_reached,20000,20000,20000,2025704,2025704,False,blake3:1802c0f129855749,blake3:1802c0f129855749f729458a90221c071092552a3c0b4e16e114d81a7c5a33ec,blake3:a3442663abe4ae8bba83a4d158a0793f8c10cca2f26ce29842f55bb95e41a50f,blake3:3d6c099ed48d6828c4f7c7537abf62e8e095ff0bc6274f5f0961c5dc99ec1ed3,20000,600000.0,92,6.572483876587931e-12,5.997627904302111e-12,2.9916289520185227e-05,3,14,1996,998,914,2341910,60620464,885093656,4414865091310848,3560833885761280,4.9439619065339e-17,1.9970023898419065e-12,3.67138847535281e-11,114,4604774,338625818,541122104,-2341802,276706164,149875328,-149875328,-202496286,0,"{""-1"":2,""0"":89,""1"":1}","{""-1"":277,""0"":0,""1"":842}",
seed-1-mutation_off,1,mutation_off,censored,requested_horizon_reached,20000,20000,20000,2033306,2033306,False,blake3:7b21aa2fef3501ee,blake3:7b21aa2fef3501ee9b9e471ca2a66962f069c5b0c3272e0694e619d0f17bc299,blake3:5b0a8def310610fdf2a2f8f7574f4b64b2ad23bfd9ede924f5515ab25419048a,blake3:8ba3d7c46088279299c8ef33148b4e3a7e6b862df90e0b9eacc9f8edfaf1c362,20000,600000.0,101,7.074232150593163e-12,6.017522837984367e-13,2.9915793167786842e-05,1,13,1954,977,884,2341910,65248275,88802963,4414791842625541,3561378834769280,4.9439619065339e-17,1.9970023898419065e-12,3.619173472198256e-11,114,4604774,333809834,536494293,-2341802,276706164,149875328,-149875328,-202684459,0,"{""0"":101}","{""0"":0}",
seed-1-starvation,1,starvation,extinct,extinction,20000,454,454,3632,3632,False,blake3:a0805173cd95cc6b,blake3:a0805173cd95cc6b4f27d2d1608745c72c5ac87285eef3dc919ef6aef4144548,blake3:391afc1f427e436c60bbef9c4aca447803f9ca6411ae3f7bf68f4ef8692b1125,blake3:b4fdd2ec84e1053aae973e316b8e06494e7b25495d198d417c11c7d5543a85f6,454,13620.0,0,0.0,0.0,2.7999986026592746e-10,1,0,0,0,8,0,0,0,41320686104,0,0.0,1.9999999920083944e-12,2.3999986026312925e-13,0,4611686,2213608,2213608,0,0,0,0,0,0,{},"{""0"":0}",
seed-1-oxygen_low,1,oxygen_low,censored,requested_horizon_reached,20000,20000,20000,2012972,2012972,False,blake3:b5cfa83a3fa90e79,blake3:b5cfa83a3fa90e795e8a792917ba3b00ba09bac36d9bbc6356d56e448fe7d82d,blake3:bcc5c66758d679f515ca459ec9d6081cb41c1fb0d8fce084143c6d07d93c2771,blake3:2824ab109d9b090b47ebcdf81abf5926cf81bec5ae970e3a54d5df2c288f1280,20000,600000.0,96,7.880756919438625e-12,1.459697366776834e-12,2.9914985785072914e-05,4,14,2182,1091,1003,2341910,72687153,215413310,4414672693967194,3552274980753280,4.9439619065339e-17,4.700233258159159e-14,3.572603931439877e-11,114,108380,329514552,529055415,-2341802,276706164,149875328,-149875328,-199540863,0,"{""0"":96}","{""-1"":280,""-2"":14224,""0"":0,""1"":1108}",
seed-1-exchange_half,1,exchange_half,censored,requested_horizon_reached,20000,20000,20000,1107849,1107849,False,blake3:46a0ba13d90eec74,blake3:46a0ba13d90eec747010f83d213dcf399dec121f4835f9c854ee35a18e56d7ce,blake3:ef254bb313a3dee678ac09ce7481aaec889679a75ebbaa633e939c9e9cc03888,blake3:b7b0905d96afef34e88c5c3230af323f3a1a3b541299ceb17506197c8fc5a51f,20000,600000.0,47,8.044888540059691e-12,3.248773700146451e-12,1.610437595868299e-05,3,10,910,455,416,1261027,74201000,479434376,2376586414213008,2038229589214720,2.42861286636753e-17,1.9985011909251504e-12,1.59494765485102e-11,56,4608230,147107956,250835520,-1260973,138353082,80702272,-80702272,-103727564,0,"{""0"":47}","{""-1"":496,""0"":0,""1"":1582}",
seed-1-founder_k2,1,founder_k2,censored,requested_horizon_reached,20000,20000,20000,2024430,2024430,False,blake3:91aa58420b2f4209,blake3:91aa58420b2f4209acf132cf3041edce4f494a0267e0dc5892919df9d16bd8a4,blake3:5e9aeb0443fad58fa14d37035b66ddcec3a8ac6a4c814b80542310997adcbb73,blake3:40a2f24597a6ee640eacf294e3d3b51faed3061d170d3ed4d93d01a74cba9214,20000,600000.0,93,1.3984287577754884e-11,2.368466803026126e-11,2.9908860029443934e-05,3,11,1552,776,691,2341910,128982287,3495240077,4413768691996427,3562629011905280,4.9439619065339e-17,1.9970023898419065e-12,2.9234875262816595e-11,114,4604774,269644131,472760281,-2341802,276706164,149875328,-149875328,-203116150,0,"{""1"":2,""2"":89,""3"":2}","{""1"":250,""2"":0,""3"":79}",
seed-7-baseline,7,baseline,censored,requested_horizon_reached,20000,20000,20000,2021406,2021406,False,blake3:1802c0f129855749,blake3:1802c0f129855749f729458a90221c071092552a3c0b4e16e114d81a7c5a33ec,blake3:b21868f06b94dc9300e4dad993d69f4b2a51566f9299a97928e44f9a887db52e,blake3:afd0b7006bf7bca2ad851b01e4121690a0cc69dd189dbc9a3eec4232d220fe3f,20000,600000.0,90,1.0416494273038368e-11,1.487786830582996e-11,2.9912436629548375e-05,3,14,2050,1025,943,2341910,96075202,2195585832,4414296505010672,3561026220705280,4.9439619065339e-17,1.9970023898419065e-12,3.286267373676932e-11,114,4604774,303104666,505667366,-2341802,276706164,149875328,-149875328,-202562700,0,"{""0"":90}","{""-1"":94,""0"":0,""1"":94}",
seed-7-mutation_off,7,mutation_off,censored,requested_horizon_reached,20000,20000,20000,2035965,2035965,False,blake3:7b21aa2fef3501ee,blake3:7b21aa2fef3501ee9b9e471ca2a66962f069c5b0c3272e0694e619d0f17bc299,blake3:68aaa3ae7c049682d2238b7a97d3b62421b1768031e1ecab2159f3da3caf73ca,blake3:5426b6cbcf315c714532cb313ce7bfdee663a318bc9c964bc0ad1a374f9b8922,20000,600000.0,98,8.131483442315457e-12,9.720541835648785e-13,2.991473554619322e-05,1,13,1934,967,877,2341910,74999697,143449878,4414635765226626,3561603225537280,4.9439619065339e-17,1.9970023898419065e-12,3.5126082706567197e-11,114,4604774,323980929,526742871,-2341802,276706164,149875328,-149875328,-202761942,0,"{""0"":98}","{""0"":0}",
seed-7-starvation,7,starvation,extinct,extinction,20000,454,454,3632,3632,False,blake3:a0805173cd95cc6b,blake3:a0805173cd95cc6b4f27d2d1608745c72c5ac87285eef3dc919ef6aef4144548,blake3:391afc1f427e436c60bbef9c4aca447803f9ca6411ae3f7bf68f4ef8692b1125,blake3:b4fdd2ec84e1053aae973e316b8e06494e7b25495d198d417c11c7d5543a85f6,454,13620.0,0,0.0,0.0,2.7999986026592746e-10,1,0,0,0,8,0,0,0,41320686104,0,0.0,1.9999999920083944e-12,2.3999986026312925e-13,0,4611686,2213608,2213608,0,0,0,0,0,0,{},"{""0"":0}",
seed-7-oxygen_low,7,oxygen_low,censored,requested_horizon_reached,20000,20000,20000,2017485,2017485,False,blake3:b5cfa83a3fa90e79,blake3:b5cfa83a3fa90e795e8a792917ba3b00ba09bac36d9bbc6356d56e448fe7d82d,blake3:cd68d7f5f377b8cff741e4783f5ba2b61e98161eb894434583b8263bfffb6745,blake3:d355da55ed0d4d416c6cd5f6462fb9407383e59eb515d534de37e2395a39c74a,20000,600000.0,96,7.125787264937455e-12,2.462204627738749e-12,2.9915739752220154e-05,4,16,2432,1216,1128,2341910,65723787,363357269,4414783959879235,3552851985585280,4.9439619065339e-17,4.700233258159159e-14,3.6459407107974906e-11,114,108380,336278676,536018781,-2341802,276706164,149875328,-149875328,-199740105,0,"{""0"":96}","{""-1"":282,""-2"":3786,""0"":0,""1"":281}",
seed-7-exchange_half,7,exchange_half,censored,requested_horizon_reached,20000,20000,20000,1095905,1095905,False,blake3:46a0ba13d90eec74,blake3:46a0ba13d90eec747010f83d213dcf399dec121f4835f9c854ee35a18e56d7ce,blake3:6ad5f1d72556f9db32cc3626360d4dac8d13842e6ad8a3706261d08a4682f962,blake3:a807b0374afe8f7fe72a8b5e6a35d32532e73f7112029c98166b9c04ea5de924,20000,600000.0,50,5.4703197267108594e-12,2.1058913483472039e-13,1.6106953565680903e-05,3,11,960,480,438,1261027,50454794,31077471,2376966801865913,2037006538910720,2.42861286636753e-17,1.9985011909251504e-12,1.856983382168831e-11,56,4608230,171276486,274581726,-1260973,138353082,80702272,-80702272,-103305240,0,"{""0"":50}","{""-1"":94,""0"":0,""1"":94}",
seed-7-founder_k2,7,founder_k2,censored,requested_horizon_reached,20000,20000,20000,2021375,2021375,False,blake3:91aa58420b2f4209,blake3:91aa58420b2f4209acf132cf3041edce4f494a0267e0dc5892919df9d16bd8a4,blake3:c7585f03a5856dea84ff25017a970bb847a7e211be3ae8fddcef756f81f9dd9e,blake3:c37bfd8884e2749f68aca92ea5a73c686b02c678dc3fafc2f945890562c8fc15,20000,600000.0,100,9.684766877349205e-12,1.1711482884825195e-12,2.991318206366408e-05,4,11,1626,813,721,2341910,89326208,172830982,4414406511669522,3563045737617280,4.9439619065339e-17,1.9970023898419065e-12,3.351879461922086e-11,114,4604774,309156313,512416360,-2341802,276706164,149875328,-149875328,-203260047,0,"{""1"":1,""2"":98,""3"":1}","{""0"":3164,""1"":79,""2"":0,""3"":53}",
seed-42-baseline,42,baseline,censored,requested_horizon_reached,20000,20000,20000,2015351,2015351,False,blake3:1802c0f129855749,blake3:1802c0f129855749f729458a90221c071092552a3c0b4e16e114d81a7c5a33ec,blake3:818c8f886378a97889531a016c3bdaa84655401c4b50460e12ec53ded3aaf74e,blake3:699daa2fc3b7978abec80d7569d991b5d901513deb3a865d971ba9a1468cbb4e,20000,600000.0,91,9.490594399773344e-12,1.3393016032412376e-11,2.9913364014273913e-05,3,14,1958,979,896,2341910,87535283,1976460313,4414433362840191,3562308453665280,4.9439619065339e-17,1.9970023898419065e-12,3.3740569474645377e-11,114,4604774,311201825,514207285,-2341802,276706164,149875328,-149875328,-203005460,0,"{""0"":91}","{""-1"":47,""0"":0,""1"":259}",
seed-42-mutation_off,42,mutation_off,censored,requested_horizon_reached,20000,20000,20000,2018937,2018937,False,blake3:7b21aa2fef3501ee,blake3:7b21aa2fef3501ee9b9e471ca2a66962f069c5b0c3272e0694e619d0f17bc299,blake3:3498ba86f57751a6ab40e14f045b0ffec820a0b30635f2ffd8ccf1ecec227917,blake3:d908368a825d89b9a3c273ce38e5637f727fa93f779b905991d131cd42e84765,20000,600000.0,96,1.154234422883621e-11,7.300753229776743e-12,2.9911318356707653e-05,1,13,1962,981,893,2341910,106459335,1077401011,4414131477067493,3562148174545280,4.9439619065339e-17,1.9970023898419065e-12,3.169482016250613e-11,114,4604774,292333118,495283233,-2341802,276706164,149875328,-149875328,-202950115,0,"{""0"":96}","{""0"":0}",
seed-42-starvation,42,starvation,extinct,extinction,20000,454,454,3632,3632,False,blake3:a0805173cd95cc6b,blake3:a0805173cd95cc6b4f27d2d1608745c72c5ac87285eef3dc919ef6aef4144548,blake3:391afc1f427e436c60bbef9c4aca447803f9ca6411ae3f7bf68f4ef8692b1125,blake3:b4fdd2ec84e1053aae973e316b8e06494e7b25495d198d417c11c7d5543a85f6,454,13620.0,0,0.0,0.0,2.7999986026592746e-10,1,0,0,0,8,0,0,0,41320686104,0,0.0,1.9999999920083944e-12,2.3999986026312925e-13,0,4611686,2213608,2213608,0,0,0,0,0,0,{},"{""0"":0}",
seed-42-oxygen_low,42,oxygen_low,censored,requested_horizon_reached,20000,20000,20000,2014399,2014399,False,blake3:b5cfa83a3fa90e79,blake3:b5cfa83a3fa90e795e8a792917ba3b00ba09bac36d9bbc6356d56e448fe7d82d,blake3:d2c36e8c87bd97759922325eda9cf3cb22ed13a395490094b2225185d5f71e1e,blake3:a02734e2c7f05b9c2243a0c04fedb0774c2f0e1ea41d89e42d1c223cebcebf6f,20000,600000.0,96,1.001998180608088e-11,1.245169036103019e-11,2.9912835568193277e-05,3,14,1966,983,895,2341910,92418020,1837545163,4414355377963341,3555769065569280,4.9439619065339e-17,4.700233258159159e-14,3.345600315882158e-11,114,108380,308577164,509324548,-2341802,276706164,149875328,-149875328,-200747384,0,"{""0"":95,""1"":1}","{""-1"":47,""0"":0,""1"":582}",
seed-42-exchange_half,42,exchange_half,censored,requested_horizon_reached,20000,20000,20000,1104198,1104198,False,blake3:46a0ba13d90eec74,blake3:46a0ba13d90eec747010f83d213dcf399dec121f4835f9c854ee35a18e56d7ce,blake3:72a234506bc40727ee014198be56bf076d91ebebd6e2105c11b2a0946f09d8de,blake3:585251e0e7f1b0fc5b2defdbad7caab3630b8085d3427eec5595faa2ab9e2164,20000,600000.0,51,6.586255954683928e-12,4.4436576949547293e-13,1.6105837395676295e-05,3,10,900,450,407,1261027,60747489,65576813,2376802084246571,2037631683950720,2.42861286636753e-17,1.9985011909251504e-12,1.743049346351888e-11,56,4608230,160767926,264289031,-1260973,138353082,80702272,-80702272,-103521105,0,"{""-1"":1,""0"":50}","{""-1"":47,""0"":0,""1"":697}",
seed-42-founder_k2,42,founder_k2,censored,requested_horizon_reached,20000,20000,20000,2031869,2031869,False,blake3:91aa58420b2f4209,blake3:91aa58420b2f4209acf132cf3041edce4f494a0267e0dc5892919df9d16bd8a4,blake3:04083a45a56c68c20625d6ca896cbbf4217a535f79f460f1bcb9a1bcf13826b7,blake3:623e505a10dd0a7198400023253d39a0c61f67a959484045f6fd9199997c314d,20000,600000.0,94,1.4538142499749551e-11,7.956673717785488e-12,2.9908321902516252e-05,3,11,1440,720,634,2341910,134090697,1174197790,4413689278478714,3562436676961280,4.9439619065339e-17,1.9970023898419065e-12,2.8688220961130273e-11,114,4604774,264602135,467651871,-2341802,276706164,149875328,-149875328,-203049736,0,"{""2"":94}","{""1"":79,""2"":0,""3"":253}",
seed-2026-baseline,2026,baseline,censored,requested_horizon_reached,20000,20000,20000,2003315,2003315,False,blake3:1802c0f129855749,blake3:1802c0f129855749f729458a90221c071092552a3c0b4e16e114d81a7c5a33ec,blake3:4955bdfd66609b06c8fa26dcb476a4c82f780e20e52cd51657f5bf617c5694de,blake3:811d055402143c01738bdc2c54f775102480f6b9e23718f1e1225500ee1b64bd,20000,600000.0,101,5.787922983772897e-12,2.961027622638661e-13,2.9917079782603184e-05,4,15,2350,1175,1082,2341910,53384167,43697055,4414981713459449,3562244342017280,4.9439619065339e-17,1.9970023898419065e-12,3.744564109741527e-11,114,4604774,345375079,548358401,-2341802,276706164,149875328,-149875328,-202983322,0,"{""-1"":1,""0"":98,""1"":2}","{""-1"":94,""-2"":2894,""0"":0,""1"":834}",
seed-2026-mutation_off,2026,mutation_off,censored,requested_horizon_reached,20000,20000,20000,2028713,2028713,False,blake3:7b21aa2fef3501ee,blake3:7b21aa2fef3501ee9b9e471ca2a66962f069c5b0c3272e0694e619d0f17bc299,blake3:537e0df2d05621a8fc765c4d03e70e7a6d7e53dd9fb4c62463b798e1ed5138d9,blake3:0c12e06dc417e8fdffba4ef0d8b769943eda0940cf28facce952d347106aa2fa,20000,600000.0,100,8.555965831658074e-12,5.919184142399309e-13,2.9914311443939647e-05,1,13,1956,978,886,2341910,78914856,87351740,4414573178780764,3562084062897280,4.9439619065339e-17,1.9970023898419065e-12,3.4683598766453716e-11,114,4604774,319899735,522827712,-2341802,276706164,149875328,-149875328,-202927977,0,"{""0"":100}","{""0"":0}",
seed-2026-starvation,2026,starvation,extinct,extinction,20000,454,454,3632,3632,False,blake3:a0805173cd95cc6b,blake3:a0805173cd95cc6b4f27d2d1608745c72c5ac87285eef3dc919ef6aef4144548,blake3:391afc1f427e436c60bbef9c4aca447803f9ca6411ae3f7bf68f4ef8692b1125,blake3:b4fdd2ec84e1053aae973e316b8e06494e7b25495d198d417c11c7d5543a85f6,454,13620.0,0,0.0,0.0,2.7999986026592746e-10,1,0,0,0,8,0,0,0,41320686104,0,0.0,1.9999999920083944e-12,2.3999986026312925e-13,0,4611686,2213608,2213608,0,0,0,0,0,0,{},"{""0"":0}",
seed-2026-oxygen_low,2026,oxygen_low,censored,requested_horizon_reached,20000,20000,20000,2026595,2026595,False,blake3:b5cfa83a3fa90e79,blake3:b5cfa83a3fa90e795e8a792917ba3b00ba09bac36d9bbc6356d56e448fe7d82d,blake3:8407c6218b7eee6d0605a6f942781c0c93361e72a2f260ec1cd80bcea02d7564,blake3:409b3945a04e37058ed3cb7c04fb81543a889192325904dc7be97b2369b86f4d,20000,600000.0,92,7.731100373602195e-12,1.0466764573926948e-11,2.9915126434551543e-05,3,14,2268,1134,1050,2341910,71306815,1544621819,4414693450166685,3552178813281280,4.9439619065339e-17,4.700233258159159e-14,3.5879296170389374e-11,114,108380,330928097,530435753,-2341802,276706164,149875328,-149875328,-199507656,0,"{""0"":92}","{""-1"":277,""0"":0,""1"":281}",
seed-2026-exchange_half,2026,exchange_half,censored,requested_horizon_reached,20000,20000,20000,1099418,1099418,False,blake3:46a0ba13d90eec74,blake3:46a0ba13d90eec747010f83d213dcf399dec121f4835f9c854ee35a18e56d7ce,blake3:a0e0e8b66827522acebe83050fbb6784d3604980c63d52cc6910b1de828cb736,blake3:db3119924dfee92fc3d132534d0d21018a2ab7bec75c9b3603e6b66ad4527442,20000,600000.0,46,8.557130481631758e-12,4.2049068965806756e-12,1.610386276060822e-05,4,10,822,411,373,1261027,78925598,620534731,2376510679544653,2036669922350720,2.42861286636753e-17,1.9985011909251504e-12,1.5495625290719295e-11,56,4608230,142921917,246110922,-1260973,138353082,80702272,-80702272,-103189005,0,"{""0"":46}","{""-1"":94,""-2"":18101,""0"":0,""1"":483}",
seed-2026-founder_k2,2026,founder_k2,censored,requested_horizon_reached,20000,20000,20000,2017196,2017196,False,blake3:91aa58420b2f4209,blake3:91aa58420b2f4209acf132cf3041edce4f494a0267e0dc5892919df9d16bd8a4,blake3:5202fc6706b50747bbbf27f4b32f35dc1881a85986a88ab0b6c9ce85bc0d3c80,blake3:4d87fb710e91ce928660f8e4660c5fbb065c0d306e181d1c0cebaf0d24a00ede,20000,600000.0,96,1.2601801329878426e-11,2.0930805984362318e-12,2.9910264107279242e-05,3,12,1648,824,736,2341910,116231102,308884177,4413975897312327,3562981625969280,4.9439619065339e-17,1.9970023898419065e-12,3.0604160373461087e-11,114,4604774,282273557,485511466,-2341802,276706164,149875328,-149875328,-203237909,0,"{""2"":96}","{""1"":79,""2"":0,""3"":53}",
